"DEATHS","MONTH","COUNTRIESANDTERRITORIES"
56,"2020-04","Afghanistan"
259,"2020-06","Algeria"
202,"2020-05","Algeria"
230,"2020-10","Algeria"
295,"2020-07","Algeria"
227,"2020-11","Afghanistan"
0,"2020-07","Anguilla"
0,"2020-06","Anguilla"
0,"2020-10","Antigua_and_Barbuda"
37,"2020-07","Angola"
2,"2020-03","Angola"
0,"2020-11","Anguilla"
0,"2020-10","Anguilla"
11,"2020-10","Aruba"
2,"2020-04","Aruba"
1,"2020-12","Australia"
2031,"2020-07","Argentina"
0,"2019-12","Austria"
479,"2020-12","Azerbaijan"
128,"2020-10","Azerbaijan"
0,"2019-12","Australia"
447,"2020-05","Bangladesh"
0,"2020-11","Barbados"
0,"2020-09","Bermuda"
0,"2020-08","Bermuda"
0,"2020-09","Bhutan"
1,"2020-04","Botswana"
1408,"2020-11","Bosnia_and_Herzegovina"
0,"2020-09","Brunei_Darussalam"
0,"2020-04","Brunei_Darussalam"
83,"2020-06","Bulgaria"
159,"2020-03","Brazil"
0,"2020-08","Burundi"
0,"2020-06","Cambodia"
0,"2020-12","Burundi"
19,"2020-09","Cape_Verde"
46,"2020-06","Central_African_Republic"
2,"2020-04","Chad"
426,"2020-12","Chile"
1433,"2020-10","Chile"
0,"2020-08","Cayman_Islands"
1,"2020-03","Cayman_Islands"
0,"2020-12","China"
18,"2020-07","China"
2,"2020-03","Costa_Rica"
15,"2020-08","Cote_dIvoire"
22,"2020-08","Congo"
21,"2020-06","Congo"
530,"2020-08","Ethiopia"
0,"2020-10","Greenland"
2285,"2020-08","Indonesia"
23,"2020-04","Democratic_Republic_of_the_Congo"
0,"2020-12","Faroe_Islands"
0,"2020-11","Faroe_Islands"
0,"2020-12","Grenada"
0,"2020-04","Grenada"
366,"2020-04","Denmark"
0,"2020-12","Djibouti"
0,"2020-11","Djibouti"
0,"2020-06","Faroe_Islands"
0,"2020-07","Guam"
1,"2020-03","Guam"
210,"2020-12","Guatemala"
2723,"2020-03","Iran"
1,"2020-09","Djibouti"
5,"2020-07","Djibouti"
0,"2020-06","Fiji"
2288,"2020-08","Iraq"
135,"2020-10","Dominican_Republic"
6,"2020-08","Finland"
0,"2020-09","Guernsey"
13,"2020-04","Guernsey"
46,"2020-03","Iraq"
420,"2020-09","Dominican_Republic"
13,"2020-08","Guinea"
184,"2020-07","Israel"
0,"2020-01","Dominican_Republic"
1320,"2020-10","Ecuador"
2,"2020-02","France"
22,"2020-10","French_Polynesia"
1,"2020-12","Guinea_Bissau"
26,"2020-09","Ireland"
460,"2020-05","Ireland"
0,"2020-06","French_Polynesia"
4,"2020-12","Guyana"
8,"2020-07","Guyana"
0,"2020-02","Ireland"
0,"2019-12","Ireland"
1,"2020-11","Isle_of_Man"
0,"2020-10","Isle_of_Man"
0,"2020-02","Ecuador"
1,"2020-03","Gabon"
4,"2020-11","Gambia"
1,"2020-12","Haiti"
56,"2020-07","Haiti"
1959,"2020-06","Egypt"
0,"2019-12","Egypt"
6,"2020-04","Haiti"
4,"2020-06","Croatia"
0,"2019-12","Croatia"
278,"2020-08","El_Salvador"
37,"2020-05","El_Salvador"
0,"2020-01","Georgia"
346,"2020-10","Honduras"
6,"2020-10","Cuba"
28,"2020-09","Cuba"
2,"2020-11","Equatorial_Guinea"
0,"2020-09","Equatorial_Guinea"
19,"2020-07","Equatorial_Guinea"
1,"2020-04","Equatorial_Guinea"
0,"2020-04","Curaçao"
0,"2020-08","Eritrea"
14,"2020-11","Iceland"
0,"2020-06","Estonia"
47,"2020-04","Estonia"
2,"2020-03","Iceland"
44,"2020-08","Czechia"
9,"2020-10","Eswatini"
29,"2020-07","Eswatini"
0,"2020-07","Gibraltar"
33028,"2020-09","India"
1,"2020-05","Eswatini"
59,"2020-08","Greece"
4090,"2020-05","India"
0,"2020-05","Northern_Mariana_Islands"
605,"2020-07","Kazakhstan"
130,"2020-12","Kenya"
0,"2020-01","Luxembourg"
1,"2020-03","Montenegro"
0,"2020-12","Montserrat"
1,"2020-04","Montserrat"
0,"2020-03","Northern_Mariana_Islands"
9,"2020-08","Norway"
6,"2020-07","Norway"
13,"2020-06","Norway"
121,"2020-07","Morocco"
36,"2020-05","Morocco"
169,"2020-12","Kosovo"
5,"2020-09","Malawi"
65,"2020-08","Malawi"
95,"2020-07","Malawi"
3,"2020-04","Malawi"
45,"2020-12","Malaysia"
108,"2020-11","Malaysia"
0,"2020-03","Oman"
0,"2019-12","Oman"
1219,"2020-11","Pakistan"
85,"2020-08","Kuwait"
115,"2020-10","Malaysia"
15,"2020-05","Malaysia"
2821,"2020-06","Pakistan"
12,"2020-08","Maldives"
369,"2020-09","Panama"
290,"2020-06","Panama"
0,"2019-12","Kuwait"
126,"2020-11","Kyrgyzstan"
123,"2020-08","Kyrgyzstan"
0,"2020-03","Maldives"
13,"2020-11","Mali"
0,"2020-04","Nepal"
0,"2020-03","Nepal"
0,"2020-01","Nepal"
0,"2020-10","Laos"
0,"2020-09","Laos"
0,"2020-08","Laos"
3,"2020-09","Latvia"
1,"2020-07","Latvia"
35,"2020-12","Mauritania"
864,"2020-03","Netherlands"
0,"2020-01","Netherlands"
16583,"2020-11","Italy"
379,"2020-11","Lebanon"
264,"2020-10","Lebanon"
105,"2020-06","Mauritania"
20,"2020-05","Mauritania"
0,"2020-03","Mauritania"
0,"2020-12","Mauritius"
0,"2020-06","New_Caledonia"
1435,"2020-06","Italy"
13,"2020-04","Lebanon"
0,"2020-12","Lesotho"
0,"2020-07","Mauritius"
0,"2020-06","Mauritius"
4,"2020-11","Nicaragua"
16091,"2020-04","Italy"
11570,"2020-03","Italy"
21,"2020-02","Italy"
51,"2020-11","Jamaica"
0,"2020-05","Lesotho"
1,"2020-11","Liberia"
17342,"2020-06","Mexico"
1704,"2020-04","Mexico"
5,"2020-10","Nicaragua"
39,"2020-06","Nicaragua"
31,"2020-05","Nicaragua"
11,"2020-08","Jamaica"
231,"2020-12","Moldova"
318,"2020-09","Moldova"
161,"2020-08","Libya"
16,"2020-06","Libya"
0,"2020-09","Liechtenstein"
135,"2020-08","Nigeria"
0,"2020-12","Jersey"
0,"2020-05","Monaco"
19,"2020-04","Jersey"
6,"2020-09","Lithuania"
8,"2020-06","Lithuania"
0,"2020-06","Mongolia"
80,"2020-08","Senegal"
17203,"2020-04","Spain"
291,"2020-07","Serbia"
3,"2020-05","Sri_Lanka"
0,"2020-02","Sri_Lanka"
1434,"2020-05","Turkey"
404,"2020-11","Sudan"
234,"2020-05","Sudan"
6,"2020-03","Puerto_Rico"
5,"2020-11","Qatar"
17,"2020-09","Qatar"
45,"2020-09","Uganda"
9,"2020-04","Qatar"
2075,"2020-10","Romania"
7,"2020-07","Sierra_Leone"
1132,"2020-11","Sweden"
2542,"2020-12","Ukraine"
854,"2020-08","Ukraine"
0,"2020-08","Singapore"
1,"2020-07","Singapore"
11871,"2020-11","Russia"
4636,"2020-07","Russia"
0,"2019-12","Singapore"
0,"2020-10","Sint_Maarten"
2,"2020-08","Sint_Maarten"
0,"2020-07","Sint_Maarten"
239,"2020-04","Ukraine"
11,"2020-03","Ukraine"
74,"2020-10","United_Arab_Emirates"
306,"2020-12","Slovakia"
5,"2020-08","Slovakia"
0,"2020-01","Switzerland"
78,"2020-12","Syria"
31,"2020-08","United_Arab_Emirates"
52,"2020-06","United_Arab_Emirates"
13,"2020-09","Rwanda"
32,"2020-07","Syria"
1,"2020-04","Syria"
0,"2020-07","Taiwan"
152,"2020-04","Panama"
0,"2020-10","Papua_New_Guinea"
2,"2020-07","Papua_New_Guinea"
0,"2020-06","Papua_New_Guinea"
0,"2020-12","Saint_Kitts_and_Nevis"
5,"2020-10","Somalia"
1,"2020-02","Taiwan"
0,"2020-01","Taiwan"
7,"2020-10","Tajikistan"
7,"2020-09","Tajikistan"
5,"2020-06","Tajikistan"
0,"2020-06","Saint_Vincent_and_the_Grenadines"
2639,"2020-09","South_Africa"
5133,"2020-06","Peru"
24,"2020-03","Peru"
0,"2020-06","San_Marino"
100,"2020-04","South_Africa"
2,"2020-12","Togo"
7,"2020-10","Togo"
1537,"2020-08","Philippines"
12,"2020-06","South_Korea"
392,"2020-05","Philippines"
0,"2019-12","Philippines"
0,"2020-04","Sao_Tome_and_Principe"
9,"2020-07","South_Sudan"
505,"2020-10","Portugal"
240,"2020-09","Venezuela"
7,"2020-04","Venezuela"
3,"2020-03","Venezuela"
0,"2020-12","Vietnam"
32,"2020-08","Vietnam"
0,"2020-07","Western_Sahara"
1,"2020-12","Yemen"
24,"2020-09","Yemen"
4,"2020-05","Zambia"
34,"2020-11","Zimbabwe"
14,"2020-10","Zimbabwe"
3,"2020-06","Zimbabwe"
11336,"2020-05","United_Kingdom"
23999,"2020-04","United_Kingdom"
0,"2020-02","United_Kingdom"
0,"2020-12","United_Republic_of_Tanzania"
0,"2020-11","United_Republic_of_Tanzania"
0,"2020-09","United_Republic_of_Tanzania"
42815,"2020-05","United_States_of_America"
57796,"2020-04","United_States_of_America"
2,"2020-07","United_States_Virgin_Islands"
14,"2020-12","Uruguay"
10,"2020-10","Uruguay"
25,"2020-06","Albania"
0,"2019-12","Algeria"
484,"2020-06","Afghanistan"
3,"2020-04","Antigua_and_Barbuda"
7681,"2020-11","Argentina"
9,"2020-05","Andorra"
0,"2020-04","Angola"
271,"2020-09","Australia"
298,"2020-12","Armenia"
19,"2020-03","Australia"
15,"2020-07","Austria"
73,"2020-10","Bahrain"
43,"2020-08","Bahrain"
90,"2020-08","Azerbaijan"
38,"2020-05","Azerbaijan"
4,"2020-03","Azerbaijan"
0,"2020-12","Bahamas"
29,"2020-08","Bahamas"
0,"2020-06","Barbados"
7,"2020-04","Barbados"
166,"2020-07","Belarus"
158,"2020-06","Belarus"
0,"2020-03","Belarus"
11,"2020-08","Belize"
2,"2020-11","Benin"
16,"2020-06","Benin"
2,"2020-04","Benin"
0,"2020-03","Benin"
0,"2020-05","Bhutan"
56,"2020-04","Bosnia_and_Herzegovina"
29565,"2020-08","Brazil"
0,"2020-04","Bonaire, Saint Eustatius and Saba"
0,"2020-11","Brunei_Darussalam"
1,"2020-06","Brunei_Darussalam"
1,"2020-05","Brunei_Darussalam"
2560,"2020-11","Bulgaria"
201,"2020-09","Bulgaria"
151,"2020-07","Bulgaria"
0,"2020-09","Burundi"
0,"2020-06","Burundi"
1,"2020-04","Burundi"
2,"2020-08","Burkina_Faso"
12,"2020-03","Burkina_Faso"
74,"2020-07","Cameroon"
130,"2020-05","Cameroon"
1219,"2020-12","Canada"
12,"2020-07","Central_African_Republic"
0,"2020-04","Central_African_Republic"
8,"2020-09","Chad"
1198,"2020-11","Chile"
264,"2020-04","Colombia"
208,"2020-04","Chile"
0,"2020-11","China"
3,"2020-06","China"
5,"2020-09","Cote_dIvoire"
0,"2020-12","Comoros"
2,"2020-11","Congo"
8,"2020-03","Democratic_Republic_of_the_Congo"
98,"2020-12","Denmark"
69,"2020-10","Denmark"
0,"2020-08","Falkland_Islands_(Malvinas)"
0,"2020-04","Greenland"
5,"2020-12","Guam"
13397,"2020-11","Iran"
4524,"2020-09","Iran"
0,"2020-09","Faroe_Islands"
0,"2020-11","Fiji"
32,"2020-10","Guam"
31,"2020-06","Djibouti"
20,"2020-05","Djibouti"
873,"2020-08","Guatemala"
0,"2020-06","Dominica"
0,"2020-05","Dominica"
0,"2020-06","Guernsey"
0,"2020-05","Guernsey"
1644,"2020-06","Iraq"
103,"2020-05","Iraq"
46,"2020-04","Iraq"
0,"2020-02","Iraq"
144,"2020-11","Ireland"
235,"2020-06","Dominican_Republic"
4672,"2020-10","France"
1042,"2020-06","France"
0,"2020-03","Guernsey"
6,"2020-10","Guinea"
7,"2020-09","Guinea"
0,"2020-03","Isle_of_Man"
105,"2020-12","Israel"
986,"2020-10","Israel"
0,"2020-01","France"
7,"2020-04","Guinea"
0,"2020-03","Guinea"
8,"2020-08","Guinea_Bissau"
5,"2020-07","Guinea_Bissau"
7,"2020-05","Guinea_Bissau"
2451,"2020-05","Ecuador"
0,"2020-03","French_Polynesia"
1,"2020-04","Guinea_Bissau"
46,"2020-10","Guyana"
344,"2020-10","Egypt"
25,"2020-06","Gabon"
2,"2020-04","Gabon"
13,"2020-04","Cote_dIvoire"
1,"2020-03","Cote_dIvoire"
40,"2020-03","Egypt"
0,"2020-03","Haiti"
61,"2020-04","Croatia"
6,"2020-11","Cuba"
14,"2020-09","Georgia"
2,"2020-08","Georgia"
2,"2020-07","Georgia"
0,"2020-03","Holy_See"
827,"2020-07","Honduras"
3,"2020-06","Cuba"
32,"2020-08","Equatorial_Guinea"
64,"2020-04","Honduras"
3073,"2020-11","Hungary"
0,"2020-06","Curaçao"
3,"2020-11","Ghana"
212,"2020-05","Hungary"
296,"2020-04","Hungary"
0,"2020-07","Cyprus"
25,"2020-09","Ghana"
5,"2020-03","Ghana"
8,"2020-04","Iceland"
35,"2020-07","Czechia"
17,"2020-09","Eswatini"
0,"2020-09","Gibraltar"
0,"2020-05","Gibraltar"
0,"2020-04","Gibraltar"
0,"2020-02","Iceland"
18854,"2020-07","India"
19,"2020-12","Democratic_Republic_of_the_Congo"
236,"2020-11","Ethiopia"
1696,"2020-12","Indonesia"
154,"2020-11","Luxembourg"
28,"2020-10","Luxembourg"
24,"2020-04","Kazakhstan"
38,"2020-09","Madagascar"
0,"2020-11","Montserrat"
10,"2020-09","Norway"
133,"2020-09","Kenya"
85,"2020-07","Madagascar"
1,"2020-11","Malawi"
1,"2020-05","Malawi"
33,"2020-03","Morocco"
9,"2020-05","Kosovo"
4,"2020-06","Mozambique"
278,"2020-09","Myanmar"
1647,"2020-07","Pakistan"
9,"2020-11","Maldives"
0,"2020-03","Myanmar"
195,"2020-12","Nepal"
372,"2020-11","Panama"
6,"2020-09","Kyrgyzstan"
9,"2020-07","Mali"
23,"2020-07","Nepal"
6,"2020-05","Nepal"
0,"2020-02","Nepal"
8,"2020-05","Kyrgyzstan"
39,"2020-06","Mali"
0,"2020-03","Mali"
74,"2020-11","Malta"
951,"2020-10","Netherlands"
3,"2020-06","Palestine"
3,"2020-05","Palestine"
5,"2020-05","Malta"
0,"2020-11","Marshall_Islands"
1240,"2020-05","Netherlands"
69,"2020-05","Israel"
0,"2020-01","Israel"
178,"2020-12","Lebanon"
30,"2020-07","Mauritania"
5658,"2020-05","Italy"
8,"2020-10","Lesotho"
7,"2020-04","Mauritius"
0,"2020-02","New_Zealand"
0,"2020-01","Italy"
13,"2020-07","Lesotho"
0,"2020-09","Liberia"
1,"2020-11","Niger"
191,"2020-10","Japan"
112,"2020-12","Libya"
28,"2020-03","Mexico"
0,"2020-02","Mexico"
524,"2020-11","Moldova"
33,"2020-07","Japan"
53,"2020-03","Japan"
13,"2020-11","Liechtenstein"
1,"2020-11","Monaco"
222,"2020-05","Nigeria"
0,"2020-09","Jersey"
0,"2020-06","Monaco"
0,"2020-02","Nigeria"
2,"2020-03","Jersey"
1922,"2020-11","Jordan"
7,"2020-03","Lithuania"
0,"2020-04","Mongolia"
182,"2020-07","North_Macedonia"
0,"2020-06","Jordan"
33,"2020-05","Senegal"
6,"2020-10","Sri_Lanka"
652,"2020-08","Turkey"
407,"2020-05","Portugal"
274,"2020-11","Puerto_Rico"
0,"2020-01","Sri_Lanka"
20,"2020-06","Puerto_Rico"
0,"2020-09","Seychelles"
153,"2020-07","Sudan"
0,"2020-05","Turks_and_Caicos_islands"
3,"2020-12","Qatar"
77,"2020-06","Qatar"
0,"2020-07","Seychelles"
0,"2020-05","Seychelles"
0,"2020-12","Suriname"
6,"2020-11","Suriname"
0,"2019-12","Qatar"
1,"2020-11","Singapore"
70,"2020-08","Sweden"
265,"2020-07","Sweden"
11,"2020-04","Singapore"
4157,"2020-10","United_Kingdom"
573,"2020-09","United_Kingdom"
0,"2020-02","Romania"
0,"2020-06","Sint_Maarten"
13,"2020-04","Sint_Maarten"
22,"2020-07","Switzerland"
37,"2020-12","United_Arab_Emirates"
0,"2020-06","Slovakia"
295,"2020-03","Switzerland"
1,"2020-05","Rwanda"
26,"2020-03","Panama"
3,"2020-08","Papua_New_Guinea"
0,"2020-07","Saint_Kitts_and_Nevis"
2,"2020-12","Saint_Lucia"
2,"2020-12","Tajikistan"
546,"2020-10","Paraguay"
2,"2020-11","Saint_Lucia"
0,"2020-03","Somalia"
621,"2020-12","Peru"
2563,"2020-10","South_Africa"
1,"2020-06","Thailand"
0,"2020-10","San_Marino"
51,"2020-10","South_Korea"
0,"2020-09","Timor_Leste"
0,"2020-09","Sao_Tome_and_Principe"
0,"2020-01","South_Korea"
6,"2020-04","Togo"
1,"2020-02","Philippines"
139,"2020-12","Saudi_Arabia"
869,"2020-09","Saudi_Arabia"
0,"2020-04","South_Sudan"
53,"2020-09","Trinidad_and_Tobago"
13,"2020-08","Trinidad_and_Tobago"
0,"2020-07","Trinidad_and_Tobago"
0,"2020-06","Trinidad_and_Tobago"
265,"2020-07","Poland"
149,"2020-04","Saudi_Arabia"
651,"2020-08","Spain"
1902,"2020-11","Tunisia"
34,"2020-06","Venezuela"
0,"2020-03","Vietnam"
5,"2020-11","Yemen"
8,"2020-11","Zambia"
0,"2020-03","Zambia"
2050,"2020-03","United_Kingdom"
0,"2020-10","United_Republic_of_Tanzania"
22929,"2020-09","United_States_of_America"
1,"2020-10","United_States_Virgin_Islands"
4,"2020-04","United_States_Virgin_Islands"
0,"2020-03","United_States_Virgin_Islands"
0,"2020-01","Afghanistan"
126,"2020-08","Albania"
2,"2020-12","Andorra"
454,"2020-11","Algeria"
0,"2020-08","Anguilla"
0,"2020-03","Antigua_and_Barbuda"
8118,"2020-09","Argentina"
8,"2020-03","Andorra"
0,"2020-02","Armenia"
16,"2020-09","Aruba"
0,"2020-06","Aruba"
0,"2020-11","Australia"
25,"2020-10","Australia"
35,"2020-06","Austria"
422,"2020-08","Australia"
283,"2020-10","Austria"
15,"2020-08","Austria"
0,"2020-05","Bahamas"
0,"2020-02","Bahrain"
0,"2020-02","Belarus"
0,"2020-01","Belarus"
1173,"2020-06","Bangladesh"
158,"2020-04","Bangladesh"
0,"2020-12","Bermuda"
0,"2020-06","Bermuda"
1170,"2020-03","Belgium"
53,"2020-04","Bolivia"
0,"2020-12","Bonaire, Saint Eustatius and Saba"
1,"2020-09","Bonaire, Saint Eustatius and Saba"
0,"2020-12","Bhutan"
0,"2020-07","Bhutan"
0,"2020-04","Bhutan"
0,"2020-03","Bhutan"
784,"2020-10","Bolivia"
31,"2020-06","Bosnia_and_Herzegovina"
1,"2020-07","Botswana"
7604,"2020-12","Brazil"
22093,"2020-09","Brazil"
0,"2020-02","Brazil"
0,"2020-12","British_Virgin_Islands"
0,"2020-08","British_Virgin_Islands"
0,"2020-05","Cambodia"
11,"2020-11","Cameroon"
8,"2020-10","Cameroon"
76,"2020-05","Bulgaria"
8,"2020-03","Bulgaria"
3,"2020-09","Burkina_Faso"
0,"2020-07","Burkina_Faso"
0,"2020-06","Burkina_Faso"
10,"2020-05","Burkina_Faso"
122,"2020-06","Cameroon"
1922,"2020-11","Canada"
2907,"2020-04","Canada"
3,"2020-11","Chad"
8,"2020-06","Cape_Verde"
0,"2020-04","Cape_Verde"
1,"2020-03","Cape_Verde"
0,"2020-10","Cayman_Islands"
0,"2020-07","Cayman_Islands"
0,"2020-04","Cayman_Islands"
0,"2020-10","Central_African_Republic"
1,"2020-05","China"
1328,"2020-04","China"
5449,"2020-11","Colombia"
5307,"2020-10","Colombia"
4578,"2020-06","Chile"
33,"2020-06","Cote_dIvoire"
16,"2020-07","Congo"
0,"2020-03","Congo"
398,"2020-09","Ethiopia"
0,"2020-07","Greenland"
2253,"2020-07","Indonesia"
1232,"2020-06","Indonesia"
789,"2020-05","Indonesia"
0,"2020-03","Grenada"
33,"2020-11","Guam"
0,"2020-02","Denmark"
0,"2020-10","Faroe_Islands"
0,"2020-08","Faroe_Islands"
4,"2020-04","Guam"
0,"2020-11","Dominica"
60,"2020-12","Finland"
35,"2020-11","Finland"
15,"2020-10","Finland"
498,"2020-09","Guatemala"
29,"2020-12","Dominican_Republic"
0,"2019-12","Iraq"
15760,"2020-11","France"
441,"2020-07","France"
3,"2020-12","Guinea"
4757,"2020-09","Ecuador"
21063,"2020-04","France"
1136,"2020-04","Ireland"
898,"2020-08","Ecuador"
4,"2020-11","Gabon"
17,"2020-08","Guyana"
7,"2020-10","Gambia"
1,"2020-03","Guyana"
533,"2020-05","Egypt"
340,"2020-04","Egypt"
139,"2020-11","El_Salvador"
6,"2020-07","Gambia"
0,"2020-10","Holy_See"
37,"2020-07","Croatia"
126,"2020-09","El_Salvador"
275,"2020-07","El_Salvador"
9,"2020-04","El_Salvador"
465,"2020-09","Honduras"
190,"2020-09","Germany"
0,"2020-05","Curaçao"
0,"2020-05","Eritrea"
583,"2020-03","Germany"
23,"2020-11","Cyprus"
1,"2020-09","Cyprus"
7,"2020-03","Cyprus"
19,"2020-05","Ghana"
11,"2020-04","Ghana"
0,"2020-12","Gibraltar"
4,"2020-11","Eswatini"
51,"2020-08","Eswatini"
0,"2020-08","Gibraltar"
5489,"2020-12","India"
24144,"2020-10","India"
0,"2020-02","Czechia"
35,"2020-10","Democratic_Republic_of_the_Congo"
232,"2020-10","Greece"
12,"2020-07","Greece"
10,"2020-08","Luxembourg"
4,"2020-07","Luxembourg"
21,"2020-05","Luxembourg"
0,"2020-12","Northern_Mariana_Islands"
1,"2020-03","Kazakhstan"
0,"2020-02","Luxembourg"
0,"2019-12","Luxembourg"
0,"2020-03","Montserrat"
753,"2020-12","Morocco"
81,"2020-06","Kenya"
14,"2020-04","Kenya"
0,"2020-04","Madagascar"
5,"2020-10","Malawi"
1041,"2020-09","Morocco"
26,"2020-03","Norway"
45,"2020-12","Oman"
210,"2020-11","Oman"
39,"2020-11","Mozambique"
127,"2020-06","Oman"
32,"2020-05","Oman"
20,"2020-04","Kosovo"
105,"2020-11","Kuwait"
8,"2020-09","Malaysia"
0,"2020-04","Mozambique"
185,"2020-09","Pakistan"
0,"2020-07","Myanmar"
777,"2020-07","Panama"
81,"2020-10","Kyrgyzstan"
41,"2020-06","Kyrgyzstan"
0,"2020-04","Maldives"
23,"2020-06","Nepal"
328,"2020-04","Pakistan"
0,"2020-07","Laos"
0,"2020-06","Laos"
51,"2020-05","Mali"
33,"2020-12","Malta"
2001,"2020-11","Netherlands"
169,"2020-09","Netherlands"
76,"2020-07","Palestine"
9,"2020-05","Latvia"
0,"2020-10","Marshall_Islands"
0,"2020-02","Netherlands"
0,"2020-10","New_Caledonia"
35,"2020-06","Israel"
0,"2019-12","Lebanon"
14366,"2020-11","Mexico"
0,"2020-08","New_Zealand"
0,"2020-07","New_Zealand"
2,"2020-12","Nicaragua"
105,"2020-10","Jamaica"
18879,"2020-07","Mexico"
42,"2020-07","Nicaragua"
9,"2020-06","Liberia"
29,"2020-11","Nigeria"
274,"2020-08","Japan"
359,"2020-04","Japan"
3,"2020-05","Libya"
245,"2020-06","Moldova"
33,"2020-10","Nigeria"
305,"2020-07","Nigeria"
0,"2019-12","Japan"
2,"2020-06","Jersey"
8,"2020-05","Jersey"
0,"2020-03","Monaco"
0,"2020-02","Monaco"
0,"2020-01","Monaco"
0,"2019-12","Monaco"
0,"2020-12","Mongolia"
245,"2020-10","North_Macedonia"
0,"2020-09","Mongolia"
0,"2020-03","Mongolia"
0,"2020-02","North_Macedonia"
12,"2020-12","Senegal"
4502,"2020-05","Spain"
3381,"2020-11","Turkey"
1,"2020-08","Sri_Lanka"
2913,"2020-04","Turkey"
166,"2020-10","Puerto_Rico"
69,"2020-05","Serbia"
0,"2020-12","Seychelles"
0,"2020-10","Seychelles"
2,"2020-03","Sudan"
1,"2020-07","Turks_and_Caicos_islands"
0,"2020-03","Turks_and_Caicos_islands"
18,"2020-10","Qatar"
1,"2020-12","Sierra_Leone"
2,"2020-10","Sierra_Leone"
41,"2020-08","Suriname"
1,"2020-03","Qatar"
14,"2020-06","Sierra_Leone"
142,"2020-10","Sweden"
880,"2020-06","Sweden"
1274,"2020-08","Romania"
0,"2020-02","Sweden"
93,"2020-04","United_Arab_Emirates"
3291,"2020-08","Russia"
2,"2020-05","Sint_Maarten"
21,"2020-08","Switzerland"
1112,"2020-04","Switzerland"
34,"2020-09","United_Arab_Emirates"
128,"2020-11","Syria"
88,"2020-09","Syria"
3,"2020-07","Rwanda"
0,"2020-08","Taiwan"
0,"2020-11","Solomon_Islands"
4,"2020-03","Taiwan"
0,"2019-12","Taiwan"
0,"2020-03","Papua_New_Guinea"
533,"2020-09","Paraguay"
0,"2020-10","Saint_Lucia"
0,"2020-07","Saint_Lucia"
0,"2020-11","Saint_Vincent_and_the_Grenadines"
17,"2020-06","Somalia"
1,"2020-11","Thailand"
1,"2020-09","Thailand"
3,"2020-03","Paraguay"
2015,"2020-10","Peru"
0,"2020-09","Saint_Vincent_and_the_Grenadines"
0,"2020-07","Saint_Vincent_and_the_Grenadines"
0,"2020-04","Saint_Vincent_and_the_Grenadines"
3,"2020-11","San_Marino"
52,"2020-12","South_Korea"
728,"2020-07","Philippines"
1,"2020-10","Sao_Tome_and_Principe"
1,"2020-03","Togo"
470,"2020-04","Philippines"
644,"2020-10","Saudi_Arabia"
1,"2020-08","South_Sudan"
10,"2020-05","South_Sudan"
5,"2020-04","Trinidad_and_Tobago"
383,"2020-06","Poland"
9191,"2020-11","Spain"
4087,"2020-10","Spain"
3,"2020-03","Trinidad_and_Tobago"
26,"2020-08","Tunisia"
0,"2020-07","Tunisia"
92,"2020-08","Portugal"
7,"2020-04","Uzbekistan"
0,"2020-05","Vietnam"
0,"2020-02","Vietnam"
0,"2020-08","Western_Sahara"
0,"2020-06","Western_Sahara"
12,"2020-10","Yemen"
1,"2020-03","Zimbabwe"
0,"2019-12","United_Kingdom"
6,"2020-09","United_States_Virgin_Islands"
6,"2020-08","United_States_Virgin_Islands"
0,"2020-06","United_States_Virgin_Islands"
95,"2020-10","Uzbekistan"
151,"2020-09","Uzbekistan"
180,"2020-08","Uzbekistan"
22,"2020-10","Andorra"
56,"2020-09","Afghanistan"
0,"2020-04","Anguilla"
0,"2020-12","Antigua_and_Barbuda"
1,"2020-06","Andorra"
59,"2020-08","Angola"
1,"2020-12","Aruba"
0,"2020-01","Austria"
0,"2020-02","Australia"
1355,"2020-12","Austria"
6,"2020-12","Bahrain"
62,"2020-07","Bahrain"
4,"2020-03","Bahrain"
0,"2020-01","Bahrain"
235,"2020-07","Azerbaijan"
0,"2020-05","Barbados"
84,"2020-04","Belarus"
704,"2020-11","Bangladesh"
0,"2020-07","Belize"
0,"2020-06","Belize"
5,"2020-08","Benin"
278,"2020-06","Belgium"
0,"2020-02","Belgium"
0,"2020-01","Belgium"
38,"2020-12","Belize"
32,"2020-10","Belize"
2965,"2020-09","Bolivia"
4,"2020-08","Botswana"
0,"2020-03","British_Virgin_Islands"
0,"2020-10","Brunei_Darussalam"
23368,"2020-05","Brazil"
0,"2020-01","Brazil"
0,"2019-12","Brazil"
0,"2020-06","British_Virgin_Islands"
0,"2020-05","Burundi"
0,"2020-08","Cambodia"
24,"2020-08","Cameroon"
0,"2020-11","Burundi"
6,"2020-12","Cape_Verde"
36,"2020-10","Cape_Verde"
1493,"2020-06","Canada"
2,"2020-08","Chad"
3,"2020-05","Cape_Verde"
472,"2020-03","China"
0,"2019-12","China"
9554,"2020-08","Colombia"
2333,"2020-06","Colombia"
612,"2020-05","Colombia"
1867,"2020-08","Chile"
3802,"2020-07","Chile"
0,"2020-10","China"
7,"2020-11","Cote_dIvoire"
0,"2020-10","Comoros"
0,"2020-08","Comoros"
2,"2020-05","Comoros"
11,"2020-09","Congo"
205,"2020-12","Costa_Rica"
0,"2020-12","Falkland_Islands_(Malvinas)"
3181,"2020-10","Indonesia"
38,"2020-05","Democratic_Republic_of_the_Congo"
110,"2020-11","Denmark"
0,"2020-03","Greenland"
8492,"2020-10","Iran"
0,"2020-05","Faroe_Islands"
0,"2020-03","Faroe_Islands"
0,"2020-12","Fiji"
0,"2020-06","Guam"
0,"2020-05","Guam"
0,"2020-03","Djibouti"
0,"2020-12","Dominica"
325,"2020-12","Iraq"
1362,"2020-11","Iraq"
2163,"2020-09","Iraq"
0,"2020-04","Dominica"
193,"2020-04","Finland"
0,"2020-02","Finland"
0,"2020-07","Guernsey"
5242,"2020-12","France"
1287,"2020-09","France"
352,"2020-08","France"
15,"2020-07","Guinea"
16,"2020-05","Guinea"
3,"2020-05","Isle_of_Man"
350,"2020-11","Israel"
42,"2020-03","Dominican_Republic"
0,"2019-12","Dominican_Republic"
791,"2020-11","Ecuador"
18,"2020-12","French_Polynesia"
62,"2020-03","Ecuador"
0,"2020-08","French_Polynesia"
0,"2020-06","Guyana"
1902,"2020-07","Egypt"
7,"2020-04","Guyana"
91,"2020-09","Croatia"
0,"2020-02","Egypt"
960,"2020-11","Georgia"
35,"2020-05","Haiti"
0,"2020-04","Holy_See"
0,"2020-01","Croatia"
0,"2020-03","Georgia"
0,"2020-02","Georgia"
0,"2020-03","El_Salvador"
151,"2020-09","Hungary"
3,"2020-11","Curaçao"
0,"2020-08","Curaçao"
3,"2020-12","Ghana"
3,"2020-10","Cyprus"
77,"2020-06","Ghana"
0,"2020-08","Iceland"
0,"2020-05","Iceland"
213,"2020-09","Czechia"
3,"2020-03","Estonia"
0,"2020-02","Estonia"
0,"2020-01","Estonia"
1701,"2020-11","Greece"
0,"2020-01","Iceland"
0,"2019-12","Iceland"
203,"2020-04","Czechia"
26,"2020-11","Democratic_Republic_of_the_Congo"
91,"2020-12","Ethiopia"
16,"2020-06","Greece"
36,"2020-05","Greece"
43,"2020-08","Democratic_Republic_of_the_Congo"
0,"2020-01","Lithuania"
0,"2019-12","Lithuania"
66,"2020-09","Montenegro"
0,"2020-08","Northern_Mariana_Islands"
988,"2020-08","Kazakhstan"
150,"2020-06","Kazakhstan"
7,"2020-11","Madagascar"
0,"2020-09","Montserrat"
0,"2020-05","Montserrat"
6,"2020-05","Madagascar"
1,"2020-12","Malawi"
1473,"2020-10","Morocco"
21,"2020-06","Morocco"
176,"2020-04","Norway"
109,"2020-09","Kosovo"
9,"2020-12","Mozambique"
5,"2020-07","Mozambique"
252,"2020-07","Oman"
10,"2020-04","Oman"
0,"2020-02","Oman"
699,"2020-12","Pakistan"
77,"2020-09","Kuwait"
2,"2020-08","Malaysia"
0,"2020-03","Mozambique"
935,"2020-10","Myanmar"
0,"2020-02","Kuwait"
0,"2020-01","Malaysia"
0,"2019-12","Malaysia"
0,"2020-05","Myanmar"
559,"2020-11","Nepal"
4,"2020-09","Mali"
270,"2020-09","Nepal"
169,"2020-08","Nepal"
18,"2020-03","Pakistan"
0,"2020-01","Pakistan"
0,"2019-12","Pakistan"
0,"2020-03","Kyrgyzstan"
25,"2020-10","Malta"
22,"2020-09","Malta"
0,"2019-12","Nepal"
82,"2020-08","Palestine"
1,"2020-03","Palestine"
249,"2020-12","Panama"
3,"2020-08","Latvia"
3,"2020-08","Malta"
0,"2019-12","Netherlands"
0,"2020-12","New_Zealand"
8,"2020-06","Lebanon"
1,"2020-11","Lesotho"
3,"2020-03","Mauritius"
0,"2020-10","Liberia"
9,"2020-08","Liberia"
16,"2020-04","Liberia"
307,"2020-10","Libya"
2,"2020-07","Niger"
50,"2020-07","Libya"
109,"2020-04","Moldova"
0,"2020-11","Jersey"
0,"2020-03","Liechtenstein"
65,"2020-10","Lithuania"
0,"2020-07","Monaco"
1,"2020-04","Monaco"
2,"2020-03","Nigeria"
0,"2020-01","Nigeria"
42,"2020-09","Jordan"
4,"2020-08","Jordan"
2,"2020-07","Lithuania"
0,"2020-07","Mongolia"
58,"2020-05","North_Macedonia"
96,"2020-07","Senegal"
0,"2019-12","Spain"
159,"2020-07","Portugal"
0,"2020-03","Senegal"
735,"2020-11","Serbia"
38,"2020-09","Serbia"
78,"2020-12","Sudan"
168,"2020-03","Turkey"
80,"2020-04","Puerto_Rico"
1,"2020-04","Turks_and_Caicos_islands"
58,"2020-07","Qatar"
0,"2020-03","Seychelles"
35,"2020-10","Uganda"
0,"2020-06","Uganda"
1923,"2020-12","Romania"
0,"2020-09","Singapore"
374,"2020-12","Sweden"
451,"2020-06","Ukraine"
578,"2020-05","Romania"
44,"2020-03","Romania"
3,"2020-06","Singapore"
0,"2019-12","Sweden"
5261,"2020-12","United_Kingdom"
0,"2019-12","Romania"
249,"2020-05","Switzerland"
446,"2020-05","Ukraine"
80,"2020-11","United_Arab_Emirates"
12,"2020-09","Slovakia"
0,"2020-07","Slovakia"
0,"2019-12","Switzerland"
11,"2020-08","Slovenia"
2,"2020-03","Syria"
0,"2020-11","Papua_New_Guinea"
0,"2020-11","Saint_Kitts_and_Nevis"
0,"2020-09","Saint_Kitts_and_Nevis"
6,"2020-07","Slovenia"
11,"2020-03","Slovenia"
261,"2020-08","Paraguay"
3,"2020-07","Somalia"
8,"2020-08","Tajikistan"
1512,"2020-11","Peru"
44,"2020-04","Thailand"
10,"2020-03","Thailand"
0,"2020-02","Thailand"
0,"2020-01","Thailand"
0,"2020-09","San_Marino"
3,"2020-03","South_Africa"
1737,"2020-10","Philippines"
84,"2020-04","South_Korea"
147,"2020-03","South_Korea"
87,"2020-03","Philippines"
12,"2020-05","Sao_Tome_and_Principe"
27,"2020-06","South_Sudan"
0,"2020-05","Trinidad_and_Tobago"
2868,"2020-10","Poland"
1004,"2020-08","Saudi_Arabia"
8,"2020-03","Saudi_Arabia"
2555,"2020-12","Spain"
90,"2020-07","Spain"
946,"2020-12","Portugal"
10,"2020-06","Uzbekistan"
0,"2020-12","Vanuatu"
0,"2020-01","Vietnam"
0,"2019-12","Vietnam"
0,"2020-11","Western_Sahara"
227,"2020-06","Yemen"
143,"2020-08","Zimbabwe"
0,"2020-07","United_Republic_of_Tanzania"
28649,"2020-12","United_States_of_America"
22359,"2020-06","United_States_of_America"
3170,"2020-03","United_States_of_America"
4,"2020-12","Uzbekistan"
0,"2019-12","Afghanistan"
118,"2020-10","Albania"
96,"2020-07","Albania"
12,"2020-03","Albania"
0,"2020-02","Algeria"
1,"2020-11","Andorra"
225,"2020-09","Algeria"
78,"2020-10","Afghanistan"
1,"2020-11","Antigua_and_Barbuda"
2133,"2020-12","Argentina"
2,"2020-05","Angola"
8,"2020-11","Aruba"
1,"2020-05","Aruba"
314,"2020-05","Argentina"
383,"2020-10","Armenia"
108,"2020-03","Austria"
643,"2020-11","Azerbaijan"
12,"2020-05","Australia"
11,"2020-04","Bahamas"
0,"2020-03","Bahamas"
4,"2020-04","Bahrain"
377,"2020-12","Bangladesh"
145,"2020-06","Azerbaijan"
0,"2019-12","Azerbaijan"
1165,"2020-08","Bangladesh"
5,"2020-03","Bangladesh"
0,"2020-09","Benin"
1,"2020-05","Benin"
0,"2020-11","Bermuda"
0,"2020-07","Bermuda"
5073,"2020-11","Belgium"
1576,"2020-05","Belgium"
0,"2019-12","Belgium"
89,"2020-11","Belize"
0,"2020-11","Bonaire, Saint Eustatius and Saba"
2,"2020-10","Bonaire, Saint Eustatius and Saba"
6,"2020-04","Bermuda"
88,"2020-05","Bosnia_and_Herzegovina"
10,"2020-09","Botswana"
0,"2020-06","Botswana"
0,"2020-08","Bonaire, Saint Eustatius and Saba"
0,"2020-07","Bonaire, Saint Eustatius and Saba"
145,"2020-07","Bosnia_and_Herzegovina"
0,"2020-12","Brunei_Darussalam"
1748,"2020-12","Bulgaria"
32949,"2020-07","Brazil"
29480,"2020-06","Brazil"
5307,"2020-04","Brazil"
0,"2020-11","Cambodia"
0,"2020-07","Cambodia"
6,"2020-12","Cameroon"
1,"2020-12","Burkina_Faso"
9,"2020-10","Burkina_Faso"
31,"2020-04","Burkina_Faso"
17,"2020-08","Cape_Verde"
2,"2020-03","Cameroon"
4077,"2020-05","Canada"
2,"2020-08","Central_African_Republic"
0,"2020-03","Central_African_Republic"
1,"2020-07","Chad"
9,"2020-06","Chad"
0,"2020-12","Cayman_Islands"
0,"2020-09","Cayman_Islands"
0,"2020-12","Central_African_Republic"
1,"2020-09","Central_African_Republic"
6464,"2020-09","Colombia"
6587,"2020-07","Colombia"
8,"2020-03","Chile"
4,"2020-05","Costa_Rica"
4,"2020-04","Costa_Rica"
2,"2020-12","Cote_dIvoire"
14,"2020-03","Colombia"
0,"2020-09","Comoros"
5,"2020-06","Comoros"
3,"2020-10","Congo"
160,"2020-07","Ethiopia"
96,"2020-04","Greece"
0,"2020-06","Greenland"
26,"2020-09","Denmark"
9,"2020-08","Denmark"
0,"2020-09","Grenada"
0,"2019-12","Indonesia"
3853,"2020-12","Iran"
77,"2020-03","Denmark"
0,"2020-07","Faroe_Islands"
1777,"2020-05","Iran"
0,"2020-10","Djibouti"
0,"2020-09","Fiji"
0,"2020-04","Fiji"
8,"2020-09","Finland"
0,"2019-12","Iran"
1740,"2020-10","Iraq"
0,"2020-09","Dominica"
13,"2020-03","Finland"
0,"2020-01","Finland"
15,"2020-04","Guatemala"
413,"2020-07","Dominican_Republic"
2,"2020-11","Guinea_Bissau"
13,"2020-06","Guinea_Bissau"
7,"2020-09","French_Polynesia"
1,"2020-09","Gabon"
26,"2020-11","Guyana"
54,"2020-03","Ireland"
0,"2020-01","Ireland"
0,"2020-12","Isle_of_Man"
0,"2020-01","Ecuador"
14,"2020-05","Gabon"
16,"2020-09","Gambia"
40,"2020-08","Haiti"
64,"2020-06","Haiti"
1181,"2020-11","Croatia"
0,"2020-01","Egypt"
1,"2020-06","Gambia"
0,"2020-08","Holy_See"
0,"2020-07","Holy_See"
0,"2020-05","Holy_See"
118,"2020-06","El_Salvador"
240,"2020-11","Honduras"
1,"2020-07","Cuba"
0,"2020-12","Equatorial_Guinea"
20,"2020-06","Equatorial_Guinea"
168,"2020-07","Germany"
7,"2020-03","Honduras"
1961,"2020-12","Hungary"
0,"2020-12","Eritrea"
0,"2020-04","Eritrea"
5705,"2020-04","Germany"
19,"2020-10","Ghana"
2,"2020-06","Cyprus"
2,"2020-05","Cyprus"
8,"2020-04","Cyprus"
9,"2020-10","Estonia"
0,"2020-09","Estonia"
0,"2020-07","Estonia"
0,"2020-06","Iceland"
5060,"2020-11","Czechia"
5,"2020-12","Eswatini"
28722,"2020-08","India"
24,"2020-03","Czechia"
1,"2020-04","Eswatini"
273,"2020-10","Ethiopia"
126,"2020-09","Greece"
0,"2020-01","India"
50,"2020-08","Montenegro"
37,"2020-07","Montenegro"
2,"2020-05","Montenegro"
0,"2020-11","Northern_Mariana_Islands"
0,"2020-10","Northern_Mariana_Islands"
0,"2020-07","Northern_Mariana_Islands"
471,"2020-11","Kenya"
22,"2020-03","Luxembourg"
15,"2020-10","Madagascar"
0,"2020-08","Montserrat"
2164,"2020-11","Morocco"
86,"2020-08","Madagascar"
14,"2020-06","Madagascar"
765,"2020-08","Morocco"
0,"2020-01","Norway"
316,"2020-08","Kosovo"
32,"2020-10","Mozambique"
36,"2020-09","Mozambique"
1,"2020-03","Kosovo"
6,"2020-06","Malaysia"
1137,"2020-05","Pakistan"
0,"2020-02","Malaysia"
8,"2020-07","Maldives"
0,"2020-06","Myanmar"
324,"2020-10","Panama"
598,"2020-08","Panama"
1321,"2020-07","Kyrgyzstan"
36,"2020-12","Mali"
255,"2020-11","Palestine"
0,"2020-12","Laos"
75,"2020-08","Netherlands"
0,"2020-03","Laos"
128,"2020-11","Latvia"
32,"2020-10","Latvia"
6,"2020-06","Latvia"
15,"2020-04","Latvia"
0,"2020-06","Malta"
0,"2020-12","New_Caledonia"
2,"2020-10","Mauritania"
0,"2020-05","New_Caledonia"
0,"2020-10","New_Zealand"
2,"2020-05","Lebanon"
0,"2020-01","Lebanon"
4,"2020-09","Lesotho"
18,"2020-04","New_Zealand"
0,"2020-01","New_Zealand"
79,"2020-09","Jamaica"
37,"2020-07","Liberia"
18158,"2020-08","Mexico"
1,"2020-03","Nicaragua"
10,"2020-12","Niger"
1,"2020-06","Jamaica"
2,"2020-05","Jamaica"
1,"2020-03","Jamaica"
11,"2020-05","Liberia"
0,"2020-03","Liberia"
319,"2020-11","Libya"
0,"2020-01","Mexico"
285,"2020-09","Japan"
2,"2020-04","Libya"
0,"2020-03","Libya"
3,"2020-12","Liechtenstein"
1,"2020-10","Liechtenstein"
2,"2020-03","Moldova"
0,"2020-12","Monaco"
0,"2020-10","Jersey"
0,"2020-07","Liechtenstein"
1,"2020-04","Liechtenstein"
0,"2020-09","Monaco"
25,"2020-05","Lithuania"
38,"2020-04","Lithuania"
0,"2020-10","Mongolia"
0,"2020-05","Mongolia"
167,"2020-06","North_Macedonia"
1,"2020-05","Jordan"
3,"2020-04","Jordan"
148,"2020-10","Kazakhstan"
7340,"2020-03","Spain"
32,"2020-04","Tunisia"
8,"2020-03","Tunisia"
2193,"2020-12","Turkey"
2047,"2020-10","Turkey"
172,"2020-06","Portugal"
155,"2020-12","Puerto_Rico"
1,"2020-03","Sri_Lanka"
0,"2019-12","Sri_Lanka"
600,"2020-06","Turkey"
0,"2020-12","Turks_and_Caicos_islands"
0,"2020-11","Turks_and_Caicos_islands"
220,"2020-09","Puerto_Rico"
310,"2020-06","Sudan"
2,"2020-09","Sierra_Leone"
7,"2020-10","Suriname"
13,"2020-07","Suriname"
12,"2020-06","Suriname"
0,"2020-05","Suriname"
1,"2020-04","Suriname"
91,"2020-11","Uganda"
0,"2020-05","Uganda"
0,"2020-04","Uganda"
0,"2020-02","Qatar"
0,"2020-12","Singapore"
0,"2020-03","Suriname"
51,"2020-09","Sweden"
0,"2020-03","Uganda"
2976,"2020-10","Ukraine"
381,"2020-06","Romania"
0,"2020-01","Sweden"
254,"2020-10","Switzerland"
6977,"2020-12","Russia"
0,"2020-02","Russia"
0,"2020-01","Russia"
0,"2020-03","Sint_Maarten"
164,"2020-05","United_Arab_Emirates"
6,"2020-05","Slovakia"
702,"2020-11","Slovenia"
0,"2020-10","Taiwan"
0,"2020-09","Taiwan"
0,"2020-08","Saint_Kitts_and_Nevis"
0,"2020-06","Saint_Kitts_and_Nevis"
0,"2020-05","Saint_Kitts_and_Nevis"
0,"2020-12","Solomon_Islands"
0,"2020-10","Solomon_Islands"
8,"2020-12","Somalia"
1,"2020-05","Taiwan"
1,"2020-04","Taiwan"
0,"2020-08","Saint_Lucia"
4,"2020-08","Somalia"
0,"2020-10","Thailand"
5,"2020-06","Paraguay"
0,"2020-10","Saint_Vincent_and_the_Grenadines"
0,"2020-05","Saint_Vincent_and_the_Grenadines"
6216,"2020-08","South_Africa"
0,"2020-08","Thailand"
5,"2020-12","San_Marino"
0,"2020-08","San_Marino"
0,"2020-07","San_Marino"
62,"2020-11","South_Korea"
23,"2020-08","South_Korea"
9,"2020-11","Togo"
1188,"2020-11","Philippines"
25,"2020-03","San_Marino"
0,"2020-01","San_Marino"
0,"2019-12","San_Marino"
1,"2020-11","Sao_Tome_and_Principe"
16,"2020-02","South_Korea"
1,"2020-06","Togo"
6,"2020-05","Togo"
0,"2019-12","South_Korea"
3,"2020-11","South_Sudan"
33,"2020-10","Trinidad_and_Tobago"
0,"2020-07","Vietnam"
0,"2020-10","Western_Sahara"
0,"2020-09","Western_Sahara"
0,"2020-04","Western_Sahara"
17,"2020-10","Zambia"
46,"2020-07","Zimbabwe"
828,"2020-07","United_Kingdom"
0,"2020-02","United_States_of_America"
4,"2020-09","Uruguay"
7,"2020-05","Uruguay"
4,"2020-03","Afghanistan"
296,"2020-11","Albania"
409,"2020-04","Algeria"
0,"2020-01","Algeria"
193,"2020-12","Afghanistan"
131,"2020-08","Afghanistan"
538,"2020-07","Afghanistan"
0,"2020-08","Antigua_and_Barbuda"
0,"2020-05","Antigua_and_Barbuda"
34,"2020-04","Andorra"
96,"2020-10","Angola"
99,"2020-05","Armenia"
0,"2020-01","Armenia"
0,"2019-12","Armenia"
0,"2020-07","Aruba"
472,"2020-04","Austria"
85,"2020-07","Australia"
2,"2020-06","Australia"
0,"2020-01","Australia"
1825,"2020-11","Austria"
63,"2020-09","Austria"
3,"2020-07","Bahamas"
0,"2020-06","Bahamas"
19,"2020-04","Azerbaijan"
174,"2020-11","Belarus"
152,"2020-09","Belarus"
145,"2020-05","Belarus"
1300,"2020-07","Bangladesh"
13,"2020-09","Belize"
16,"2020-07","Benin"
185,"2020-08","Belgium"
79,"2020-07","Belgium"
6609,"2020-04","Belgium"
1823,"2020-07","Bolivia"
0,"2020-08","Bhutan"
61,"2020-12","Bolivia"
237,"2020-11","Bolivia"
8,"2020-03","Bosnia_and_Herzegovina"
6,"2020-12","Botswana"
13356,"2020-11","Brazil"
0,"2020-05","Bonaire, Saint Eustatius and Saba"
376,"2020-10","Bosnia_and_Herzegovina"
440,"2020-10","Bulgaria"
0,"2020-11","British_Virgin_Islands"
0,"2020-07","Burundi"
0,"2020-10","Cambodia"
0,"2020-04","Cambodia"
0,"2020-02","Cambodia"
0,"2020-10","Burundi"
0,"2020-02","Canada"
0,"2020-01","Canada"
9,"2020-11","Cape_Verde"
11,"2020-07","Cape_Verde"
59,"2020-04","Cameroon"
363,"2020-07","Canada"
1,"2020-05","Central_African_Republic"
13,"2020-10","Chad"
1,"2020-11","Cayman_Islands"
0,"2020-06","Cayman_Islands"
1,"2020-11","Central_African_Republic"
63,"2020-08","China"
491,"2020-10","Costa_Rica"
462,"2020-09","Costa_Rica"
0,"2020-11","Comoros"
43,"2020-03","Greece"
0,"2019-12","Greece"
0,"2020-12","Greenland"
0,"2020-09","Greenland"
0,"2020-05","Greenland"
3258,"2020-09","Indonesia"
0,"2020-10","Falkland_Islands_(Malvinas)"
662,"2020-04","Indonesia"
0,"2020-02","Indonesia"
0,"2020-01","Denmark"
0,"2019-12","Denmark"
0,"2020-04","Faroe_Islands"
5,"2020-08","Guam"
2,"2020-08","Djibouti"
0,"2020-10","Fiji"
0,"2020-07","Fiji"
86,"2020-05","Guatemala"
34,"2020-02","Iran"
0,"2020-03","Dominica"
1,"2020-07","Finland"
12,"2020-06","Finland"
0,"2020-12","Guernsey"
0,"2020-08","Guernsey"
68,"2020-12","Ireland"
110,"2020-10","Ireland"
8,"2020-06","Guinea"
21,"2020-04","Isle_of_Man"
4684,"2020-05","France"
3022,"2020-03","France"
44,"2020-11","French_Polynesia"
28,"2020-07","Ireland"
85,"2020-06","Ireland"
1168,"2020-06","Ecuador"
0,"2020-03","Guinea_Bissau"
41,"2020-09","Guyana"
0,"2020-06","Isle_of_Man"
241,"2020-12","Egypt"
4,"2020-08","Gabon"
7,"2020-07","Gabon"
0,"2020-05","Gambia"
1,"2020-03","Gambia"
0,"2020-12","Holy_See"
6,"2020-05","Georgia"
6,"2020-04","Georgia"
546,"2020-08","Honduras"
284,"2020-06","Honduras"
25,"2020-05","Cuba"
130,"2020-05","Honduras"
0,"2020-10","Curaçao"
0,"2020-07","Curaçao"
0,"2020-09","Eritrea"
30,"2020-12","Estonia"
0,"2020-01","Germany"
16,"2020-03","Hungary"
2,"2020-08","Cyprus"
63,"2020-07","Ghana"
0,"2020-10","Gibraltar"
0,"2020-07","Iceland"
29,"2020-06","Czechia"
0,"2019-12","Estonia"
32,"2020-03","India"
47,"2020-07","Democratic_Republic_of_the_Congo"
78,"2020-12","Luxembourg"
0,"2020-06","Luxembourg"
130,"2020-10","Montenegro"
2,"2020-06","Montenegro"
0,"2020-10","Montserrat"
59,"2020-12","Norway"
8,"2020-10","Norway"
274,"2020-10","Kenya"
249,"2020-08","Kenya"
48,"2020-05","Kenya"
0,"2020-02","Norway"
0,"2019-12","Norway"
256,"2020-08","Oman"
1,"2020-03","Kenya"
163,"2020-07","Kosovo"
10,"2020-06","Malawi"
32,"2020-12","Kuwait"
2,"2020-05","Mozambique"
327,"2020-10","Pakistan"
95,"2020-07","Kuwait"
2,"2020-12","Maldives"
6,"2020-09","Maldives"
429,"2020-10","Nepal"
36,"2020-12","Kyrgyzstan"
2,"2020-08","Mali"
156,"2020-06","Netherlands"
1,"2020-04","Palestine"
122,"2020-12","Latvia"
4,"2020-04","Malta"
0,"2020-03","Malta"
12,"2020-11","Mauritania"
0,"2020-11","New_Caledonia"
17,"2020-03","Israel"
0,"2020-02","Israel"
8483,"2020-12","Italy"
0,"2020-03","Latvia"
201,"2020-09","Lebanon"
0,"2020-09","New_Caledonia"
0,"2020-04","New_Caledonia"
0,"2020-05","Mauritius"
7364,"2020-12","Mexico"
3,"2020-05","New_Zealand"
1,"2020-03","New_Zealand"
8047,"2020-05","Mexico"
415,"2020-12","Japan"
364,"2020-11","Japan"
0,"2020-09","Niger"
3,"2020-06","Niger"
29,"2020-04","Niger"
3,"2020-03","Niger"
81,"2020-06","Japan"
235,"2020-07","Moldova"
180,"2020-05","Moldova"
49,"2020-04","Nigeria"
3,"2020-02","Japan"
0,"2020-01","Japan"
285,"2020-12","Lithuania"
349,"2020-11","Lithuania"
0,"2020-10","Monaco"
0,"2020-08","Monaco"
749,"2020-11","North_Macedonia"
153,"2020-09","North_Macedonia"
2,"2020-07","Jordan"
6,"2020-08","Lithuania"
0,"2020-11","Mongolia"
0,"2020-08","Mongolia"
7,"2020-03","North_Macedonia"
207,"2020-11","Kazakhstan"
26,"2020-09","Senegal"
1,"2020-09","Sri_Lanka"
8,"2020-05","Tunisia"
1,"2020-06","Sri_Lanka"
559,"2020-07","Turkey"
61,"2020-07","Puerto_Rico"
0,"2020-11","Seychelles"
1,"2020-10","Sudan"
26,"2020-04","Sudan"
0,"2020-06","Seychelles"
2,"2020-07","Uganda"
1,"2020-10","Singapore"
526,"2020-07","Ukraine"
631,"2020-04","Romania"
9,"2020-05","Singapore"
3,"2020-03","Singapore"
0,"2020-02","Singapore"
2514,"2020-04","Sweden"
303,"2020-03","Sweden"
2201,"2020-11","Switzerland"
0,"2020-01","Romania"
3452,"2020-09","Russia"
0,"2020-01","Singapore"
3,"2020-11","Sint_Maarten"
5,"2020-09","Sint_Maarten"
25,"2020-06","Switzerland"
3583,"2020-05","Russia"
10,"2020-03","Russia"
13,"2020-11","Rwanda"
0,"2020-02","Switzerland"
88,"2020-10","Syria"
68,"2020-08","Syria"
0,"2020-03","Rwanda"
0,"2020-03","Saint_Kitts_and_Nevis"
19,"2020-05","Slovenia"
78,"2020-04","Slovenia"
4,"2020-11","Tajikistan"
0,"2020-04","Papua_New_Guinea"
184,"2020-12","Paraguay"
0,"2020-09","Saint_Lucia"
0,"2020-06","Saint_Lucia"
2,"2020-09","Somalia"
28,"2020-04","Somalia"
1475,"2020-12","South_Africa"
2247,"2020-11","South_Africa"
8,"2020-07","Tajikistan"
0,"2020-12","Thailand"
5283,"2020-07","South_Africa"
540,"2020-05","South_Africa"
0,"2020-07","Thailand"
3,"2020-05","Thailand"
0,"2019-12","Thailand"
0,"2020-11","Timor_Leste"
9517,"2020-07","Peru"
89,"2020-09","South_Korea"
0,"2020-07","Timor_Leste"
0,"2020-06","Timor_Leste"
336,"2020-12","Philippines"
305,"2020-06","Philippines"
0,"2020-02","San_Marino"
0,"2020-12","Sao_Tome_and_Principe"
23,"2020-05","South_Korea"
21,"2020-09","Togo"
13,"2020-11","Trinidad_and_Tobago"
11678,"2020-11","Poland"
1,"2020-12","South_Sudan"
450,"2020-09","Poland"
437,"2020-05","Poland"
1119,"2020-06","Saudi_Arabia"
323,"2020-05","Saudi_Arabia"
170,"2020-09","Tunisia"
144,"2020-09","Portugal"
0,"2020-11","Vanuatu"
223,"2020-08","Venezuela"
110,"2020-07","Venezuela"
0,"2020-11","Vietnam"
0,"2020-06","Vietnam"
0,"2020-04","Vietnam"
77,"2020-08","Yemen"
77,"2020-05","Yemen"
15,"2020-06","Zambia"
3,"2020-04","Zimbabwe"
2956,"2020-06","United_Kingdom"
18,"2020-11","Uruguay"
9,"2020-08","Uruguay"
8,"2020-07","Uruguay"
1,"2020-03","Uruguay"
113,"2020-07","Uzbekistan"
189,"2020-05","Afghanistan"
104,"2020-09","Albania"
2,"2020-05","Albania"
19,"2020-04","Albania"
165,"2020-12","Algeria"
35,"2020-03","Algeria"
0,"2020-09","Andorra"
301,"2020-08","Algeria"
0,"2020-09","Anguilla"
0,"2020-03","Anguilla"
0,"2020-07","Antigua_and_Barbuda"
0,"2020-06","Antigua_and_Barbuda"
14273,"2020-10","Argentina"
0,"2020-07","Andorra"
71,"2020-11","Angola"
0,"2020-12","Anguilla"
312,"2020-06","Armenia"
29,"2020-04","Armenia"
3,"2020-03","Armenia"
5090,"2020-08","Argentina"
752,"2020-06","Argentina"
823,"2020-11","Armenia"
81,"2020-09","Armenia"
139,"2020-08","Armenia"
71,"2020-04","Australia"
57,"2020-09","Bahrain"
9,"2020-05","Bahrain"
59,"2020-09","Azerbaijan"
0,"2020-02","Azerbaijan"
51,"2020-10","Bahamas"
0,"2020-03","Barbados"
95,"2020-12","Belarus"
123,"2020-08","Belarus"
0,"2019-12","Belarus"
1040,"2020-12","Belgium"
971,"2020-09","Bangladesh"
0,"2020-10","Barbados"
0,"2020-09","Barbados"
0,"2020-08","Barbados"
0,"2020-05","Belize"
2,"2020-04","Belize"
761,"2020-06","Bolivia"
3,"2020-05","Bermuda"
2072,"2020-08","Bolivia"
16556,"2020-10","Brazil"
0,"2020-06","Bonaire, Saint Eustatius and Saba"
630,"2020-12","Bosnia_and_Herzegovina"
244,"2020-09","Bosnia_and_Herzegovina"
239,"2020-08","Bulgaria"
0,"2020-05","British_Virgin_Islands"
7,"2020-09","Cameroon"
56,"2020-04","Bulgaria"
0,"2019-12","Canada"
174,"2020-09","Canada"
1,"2020-12","Chad"
63,"2020-05","Chad"
0,"2020-03","Chad"
2624,"2020-02","China"
781,"2020-05","Chile"
4,"2020-10","Cote_dIvoire"
34,"2020-07","Cote_dIvoire"
0,"2020-07","Comoros"
5,"2020-12","Congo"
95,"2020-06","Ethiopia"
5,"2020-05","Ethiopia"
0,"2020-03","Ethiopia"
0,"2020-02","Greece"
0,"2020-01","Greece"
0,"2020-11","Greenland"
0,"2020-08","Greenland"
0,"2020-06","Falkland_Islands_(Malvinas)"
0,"2020-04","Falkland_Islands_(Malvinas)"
0,"2020-10","Grenada"
0,"2020-08","Grenada"
0,"2020-07","Grenada"
0,"2020-06","Grenada"
0,"2020-05","Grenada"
10,"2020-07","Denmark"
128,"2020-05","Denmark"
37,"2020-09","Guam"
4893,"2020-08","Iran"
5899,"2020-07","Iran"
2936,"2020-06","Iran"
3200,"2020-04","Iran"
2,"2020-08","Fiji"
0,"2020-03","Fiji"
476,"2020-10","Guatemala"
644,"2020-06","Guatemala"
0,"2020-10","Dominica"
0,"2020-07","Dominica"
94,"2020-11","Dominican_Republic"
110,"2020-05","Finland"
1,"2020-03","Guatemala"
535,"2020-08","Dominican_Republic"
0,"2019-12","Finland"
4,"2020-11","Guinea"
416,"2020-08","Israel"
0,"2020-02","Dominican_Republic"
0,"2019-12","France"
2,"2020-10","Guinea_Bissau"
5,"2020-09","Guinea_Bissau"
0,"2020-07","French_Polynesia"
0,"2020-05","French_Polynesia"
4,"2020-12","Gabon"
1,"2020-10","Gabon"
0,"2020-09","Isle_of_Man"
378,"2020-11","Egypt"
0,"2020-12","Gambia"
0,"2020-11","Haiti"
3,"2020-10","Haiti"
28,"2020-09","Haiti"
19,"2020-05","Cote_dIvoire"
772,"2020-12","Croatia"
40,"2020-08","Croatia"
0,"2020-04","Gambia"
0,"2020-11","Holy_See"
0,"2020-09","Holy_See"
0,"2020-02","Croatia"
3,"2020-06","Georgia"
62,"2020-12","Honduras"
7,"2020-08","Cuba"
54,"2020-04","Cuba"
0,"2020-10","Equatorial_Guinea"
5796,"2020-11","Germany"
964,"2020-10","Germany"
4,"2020-12","Curaçao"
0,"2020-09","Curaçao"
1,"2020-03","Curaçao"
27,"2020-12","Cyprus"
0,"2020-11","Eritrea"
0,"2020-10","Eritrea"
0,"2020-07","Eritrea"
0,"2020-02","Germany"
11,"2020-07","Hungary"
2,"2020-12","Iceland"
13,"2020-05","Estonia"
101,"2020-08","Ghana"
0,"2020-09","Iceland"
0,"2020-03","Gibraltar"
1151,"2020-12","Greece"
15498,"2020-11","India"
92,"2020-05","Czechia"
0,"2020-01","Czechia"
0,"2020-02","India"
0,"2019-12","India"
14,"2020-09","Democratic_Republic_of_the_Congo"
6,"2020-04","Montenegro"
0,"2020-01","North_Macedonia"
0,"2020-06","Northern_Mariana_Islands"
13,"2020-05","Kazakhstan"
0,"2020-07","Montserrat"
46,"2020-11","Norway"
34,"2020-05","Norway"
0,"2020-03","Madagascar"
273,"2020-10","Oman"
327,"2020-11","Kosovo"
19,"2020-06","Kosovo"
0,"2020-01","Oman"
166,"2020-10","Kuwait"
3,"2020-07","Malaysia"
699,"2020-11","Myanmar"
343,"2020-08","Pakistan"
181,"2020-05","Kuwait"
24,"2020-04","Kuwait"
0,"2020-03","Kuwait"
0,"2020-01","Kuwait"
0,"2020-08","Myanmar"
5,"2020-05","Maldives"
0,"2020-02","Pakistan"
0,"2020-05","Laos"
0,"2020-04","Laos"
25,"2020-04","Mali"
0,"2020-07","Malta"
3847,"2020-04","Netherlands"
198,"2020-04","Israel"
2,"2020-09","Mauritania"
3,"2020-08","Mauritania"
0,"2020-07","New_Caledonia"
0,"2020-03","New_Caledonia"
3,"2020-09","New_Zealand"
2446,"2020-10","Italy"
11,"2020-03","Lebanon"
0,"2020-09","Mauritius"
0,"2020-08","Mauritius"
0,"2020-06","New_Zealand"
0,"2019-12","Italy"
0,"2020-12","Liberia"
13005,"2020-09","Mexico"
3,"2020-04","Nicaragua"
0,"2020-07","Jamaica"
6,"2020-04","Jamaica"
456,"2020-10","Moldova"
0,"2020-10","Niger"
32,"2020-05","Niger"
300,"2020-06","Nigeria"
104,"2020-08","North_Macedonia"
715,"2020-10","Jordan"
82,"2020-12","Montenegro"
118,"2020-12","Kazakhstan"
297,"2020-09","Kazakhstan"
13,"2020-10","Senegal"
66,"2020-06","Senegal"
31,"2020-12","Sri_Lanka"
2,"2020-06","Tunisia"
140,"2020-03","Portugal"
65,"2020-10","Serbia"
0,"2020-07","Sri_Lanka"
6,"2020-04","Sri_Lanka"
0,"2020-10","Turks_and_Caicos_islands"
220,"2020-08","Puerto_Rico"
47,"2020-05","Puerto_Rico"
157,"2020-04","Serbia"
3,"2020-09","Turks_and_Caicos_islands"
3,"2020-08","Sierra_Leone"
28,"2020-08","Uganda"
42,"2020-05","Sierra_Leone"
1538,"2020-09","Ukraine"
1783,"2020-05","Sweden"
5,"2020-03","United_Arab_Emirates"
0,"2020-02","United_Arab_Emirates"
12016,"2020-11","United_Kingdom"
7111,"2020-10","Russia"
1,"2020-12","Sint_Maarten"
4611,"2020-06","Russia"
962,"2020-04","Russia"
0,"2019-12","Russia"
37,"2020-07","United_Arab_Emirates"
11,"2020-08","Rwanda"
1,"2020-06","Rwanda"
22,"2020-04","Slovakia"
499,"2020-12","Slovenia"
87,"2020-10","Slovenia"
10,"2020-09","Slovenia"
0,"2020-12","Taiwan"
1,"2020-12","Papua_New_Guinea"
2,"2020-09","Papua_New_Guinea"
0,"2020-10","Saint_Kitts_and_Nevis"
0,"2020-04","Saint_Kitts_and_Nevis"
9,"2020-11","Somalia"
0,"2020-03","Saint_Lucia"
47,"2020-05","Tajikistan"
31,"2020-07","Paraguay"
0,"2020-08","Saint_Vincent_and_the_Grenadines"
0,"2020-03","Saint_Vincent_and_the_Grenadines"
0,"2020-08","Timor_Leste"
0,"2020-05","Timor_Leste"
0,"2020-03","Timor_Leste"
1928,"2020-09","Philippines"
2,"2020-07","Sao_Tome_and_Principe"
19,"2020-07","South_Korea"
9,"2020-08","Togo"
4,"2020-07","Togo"
0,"2020-01","Philippines"
501,"2020-11","Saudi_Arabia"
9,"2020-10","South_Sudan"
2,"2020-09","South_Sudan"
2697,"2020-09","Spain"
1228,"2020-06","Spain"
5,"2020-05","Uzbekistan"
2,"2020-03","Uzbekistan"
101,"2020-11","Venezuela"
0,"2020-12","Western_Sahara"
183,"2020-07","Yemen"
45,"2020-09","Zambia"
127,"2020-07","Zambia"
30,"2020-12","Zimbabwe"
32,"2020-09","Zimbabwe"
330,"2020-08","United_Kingdom"
0,"2020-01","United_Kingdom"
0,"2020-08","United_Republic_of_Tanzania"
0,"2020-06","United_Republic_of_Tanzania"
5,"2020-05","United_Republic_of_Tanzania"
15,"2020-04","United_Republic_of_Tanzania"
30999,"2020-08","United_States_of_America"
25930,"2020-07","United_States_of_America"
0,"2020-01","United_States_of_America"
0,"2019-12","United_States_of_America"
0,"2020-12","United_States_Virgin_Islands"
0,"2020-02","Afghanistan"
179,"2020-12","Albania"
0,"2020-05","Anguilla"
0,"2020-09","Antigua_and_Barbuda"
1,"2020-08","Andorra"
19,"2020-12","Angola"
72,"2020-09","Angola"
7,"2020-06","Angola"
7,"2020-08","Aruba"
0,"2020-03","Aruba"
190,"2020-04","Argentina"
24,"2020-03","Argentina"
295,"2020-07","Armenia"
88,"2020-05","Austria"
0,"2020-02","Austria"
22,"2020-11","Bahrain"
67,"2020-06","Bahrain"
0,"2019-12","Bahrain"
0,"2020-01","Azerbaijan"
21,"2020-11","Bahamas"
48,"2020-09","Bahamas"
149,"2020-10","Belarus"
686,"2020-10","Bangladesh"
0,"2020-12","Barbados"
0,"2020-07","Barbados"
0,"2020-03","Belize"
1,"2020-12","Benin"
1,"2020-10","Benin"
0,"2020-10","Bermuda"
1657,"2020-10","Belgium"
125,"2020-09","Belgium"
251,"2020-05","Bolivia"
6,"2020-03","Bolivia"
0,"2020-03","Bermuda"
0,"2020-11","Bhutan"
0,"2020-10","Bhutan"
0,"2020-06","Bhutan"
7,"2020-11","Botswana"
8,"2020-10","Botswana"
0,"2020-05","Botswana"
264,"2020-08","Bosnia_and_Herzegovina"
1,"2020-04","British_Virgin_Islands"
0,"2020-08","Brunei_Darussalam"
0,"2020-07","Brunei_Darussalam"
1,"2020-03","Brunei_Darussalam"
0,"2020-10","British_Virgin_Islands"
0,"2020-09","British_Virgin_Islands"
0,"2020-07","British_Virgin_Islands"
0,"2020-12","Cambodia"
0,"2020-09","Cambodia"
0,"2020-03","Cambodia"
0,"2020-01","Cambodia"
0,"2019-12","Cambodia"
1,"2020-11","Burkina_Faso"
89,"2020-03","Canada"
819,"2020-10","Canada"
188,"2020-08","Canada"
0,"2020-05","Cayman_Islands"
213,"2020-01","China"
2085,"2020-12","Colombia"
1481,"2020-09","Chile"
17,"2020-09","China"
278,"2020-08","Costa_Rica"
125,"2020-07","Costa_Rica"
5,"2020-06","Costa_Rica"
10,"2020-05","Congo"
9,"2020-04","Congo"
319,"2020-11","Costa_Rica"
3,"2020-04","Ethiopia"
0,"2020-11","Falkland_Islands_(Malvinas)"
3033,"2020-11","Indonesia"
0,"2020-09","Falkland_Islands_(Malvinas)"
0,"2020-07","Falkland_Islands_(Malvinas)"
0,"2020-05","Falkland_Islands_(Malvinas)"
0,"2020-11","Grenada"
122,"2020-03","Indonesia"
0,"2020-01","Indonesia"
34,"2020-06","Denmark"
452,"2020-11","Guatemala"
2,"2020-04","Djibouti"
0,"2020-05","Fiji"
1121,"2020-07","Guatemala"
0,"2020-01","Iran"
2832,"2020-07","Iraq"
0,"2020-08","Dominica"
0,"2020-11","Guernsey"
0,"2020-10","Guernsey"
0,"2020-01","Iraq"
205,"2020-05","Dominican_Republic"
609,"2020-09","Israel"
251,"2020-04","Dominican_Republic"
435,"2020-12","Ecuador"
14,"2020-08","Ireland"
1155,"2020-07","Ecuador"
821,"2020-04","Ecuador"
0,"2020-04","French_Polynesia"
0,"2020-08","Isle_of_Man"
0,"2020-07","Isle_of_Man"
0,"2019-12","Ecuador"
515,"2020-09","Egypt"
625,"2020-08","Egypt"
4,"2020-05","Guyana"
256,"2020-10","Croatia"
79,"2020-12","El_Salvador"
132,"2020-10","El_Salvador"
88,"2020-08","Gambia"
477,"2020-12","Georgia"
274,"2020-10","Georgia"
0,"2020-06","Holy_See"
36,"2020-05","Croatia"
6,"2020-03","Croatia"
2,"2020-12","Cuba"
4,"2020-03","Cuba"
11,"2020-05","Equatorial_Guinea"
0,"2019-12","Georgia"
5218,"2020-12","Germany"
157,"2020-08","Germany"
473,"2020-06","Germany"
985,"2020-10","Hungary"
0,"2020-03","Equatorial_Guinea"
0,"2020-06","Eritrea"
0,"2020-03","Eritrea"
2212,"2020-05","Germany"
0,"2019-12","Germany"
18,"2020-08","Hungary"
61,"2020-06","Hungary"
39,"2020-11","Estonia"
1,"2020-08","Estonia"
5,"2020-11","Gibraltar"
2,"2020-10","Iceland"
1312,"2020-12","Czechia"
2442,"2020-10","Czechia"
0,"2020-06","Gibraltar"
0,"2019-12","Czechia"
9,"2020-06","Eswatini"
0,"2020-03","Eswatini"
11729,"2020-06","India"
1042,"2020-04","India"
98,"2020-06","Democratic_Republic_of_the_Congo"
0,"2020-02","Lithuania"
0,"2020-09","Luxembourg"
193,"2020-11","Montenegro"
0,"2019-12","North_Macedonia"
0,"2020-09","Northern_Mariana_Islands"
67,"2020-04","Luxembourg"
7,"2020-12","Madagascar"
0,"2020-06","Montserrat"
2,"2020-04","Northern_Mariana_Islands"
181,"2020-07","Kenya"
258,"2020-09","Oman"
53,"2020-10","Kosovo"
135,"2020-04","Morocco"
12,"2020-08","Mozambique"
63,"2020-04","Malaysia"
37,"2020-03","Malaysia"
302,"2020-12","Myanmar"
145,"2020-06","Kuwait"
3,"2020-10","Maldives"
6,"2020-04","Myanmar"
152,"2020-05","Panama"
3,"2020-06","Maldives"
6,"2020-10","Mali"
222,"2020-12","Palestine"
192,"2020-10","Palestine"
194,"2020-09","Palestine"
8,"2020-04","Kyrgyzstan"
0,"2020-11","Laos"
616,"2020-12","Netherlands"
33,"2020-07","Netherlands"
0,"2020-12","Marshall_Islands"
0,"2019-12","Israel"
103,"2020-08","Lebanon"
23,"2020-07","Lebanon"
1,"2020-04","Mauritania"
0,"2020-11","Mauritius"
0,"2020-08","New_Caledonia"
0,"2020-11","New_Zealand"
398,"2020-09","Italy"
345,"2020-08","Italy"
388,"2020-07","Italy"
0,"2020-02","Lebanon"
0,"2020-10","Mauritius"
14126,"2020-10","Mexico"
0,"2019-12","New_Zealand"
14,"2020-12","Jamaica"
18,"2020-08","Lesotho"
0,"2020-06","Lesotho"
14,"2020-09","Nicaragua"
21,"2020-08","Nicaragua"
308,"2020-09","Libya"
0,"2019-12","Mexico"
221,"2020-08","Moldova"
0,"2020-08","Niger"
17,"2020-12","Nigeria"
476,"2020-05","Japan"
98,"2020-09","Nigeria"
1,"2020-08","Jersey"
0,"2020-07","Jersey"
0,"2020-08","Liechtenstein"
0,"2020-06","Liechtenstein"
0,"2020-05","Liechtenstein"
0,"2019-12","Nigeria"
346,"2020-12","North_Macedonia"
592,"2020-12","Jordan"
66,"2020-04","North_Macedonia"
5,"2020-03","Jordan"
10,"2020-11","Senegal"
0,"2020-02","Spain"
0,"2020-01","Spain"
97,"2020-11","Sri_Lanka"
1804,"2020-09","Turkey"
849,"2020-04","Portugal"
9,"2020-04","Senegal"
678,"2020-12","Serbia"
146,"2020-08","Serbia"
32,"2020-06","Serbia"
16,"2020-03","Serbia"
13,"2020-09","Sudan"
98,"2020-08","Sudan"
1,"2020-08","Turks_and_Caicos_islands"
0,"2020-06","Turks_and_Caicos_islands"
19,"2020-12","Uganda"
26,"2020-08","Qatar"
0,"2020-08","Seychelles"
0,"2020-04","Seychelles"
0,"2020-11","Sierra_Leone"
37,"2020-09","Suriname"
26,"2020-05","Qatar"
0,"2020-01","Qatar"
4326,"2020-11","Romania"
1214,"2020-09","Romania"
4,"2020-04","Sierra_Leone"
5172,"2020-11","Ukraine"
670,"2020-07","Romania"
1142,"2020-12","Switzerland"
0,"2020-01","United_Arab_Emirates"
0,"2019-12","United_Arab_Emirates"
57,"2020-09","Switzerland"
6,"2020-12","Rwanda"
604,"2020-11","Slovakia"
167,"2020-10","Slovakia"
6,"2020-10","Rwanda"
0,"2020-04","Rwanda"
0,"2020-03","Slovakia"
5,"2020-06","Syria"
1,"2020-05","Syria"
0,"2020-11","Taiwan"
3,"2020-06","Slovenia"
0,"2020-06","Taiwan"
0,"2020-05","Papua_New_Guinea"
356,"2020-11","Paraguay"
0,"2020-05","Saint_Lucia"
0,"2020-04","Saint_Lucia"
0,"2020-12","Saint_Vincent_and_the_Grenadines"
45,"2020-05","Somalia"
2,"2020-05","Paraguay"
6,"2020-04","Paraguay"
1886,"2020-06","South_Africa"
0,"2020-12","Timor_Leste"
3608,"2020-09","Peru"
9767,"2020-08","Peru"
3428,"2020-05","Peru"
919,"2020-04","Peru"
1,"2020-05","San_Marino"
16,"2020-04","San_Marino"
0,"2020-10","Timor_Leste"
0,"2020-04","Timor_Leste"
0,"2020-08","Sao_Tome_and_Principe"
2,"2020-12","Trinidad_and_Tobago"
5145,"2020-12","Poland"
1,"2020-06","Sao_Tome_and_Principe"
324,"2020-08","Poland"
1267,"2020-07","Saudi_Arabia"
582,"2020-12","Tunisia"
1071,"2020-10","Tunisia"
593,"2020-04","Poland"
31,"2020-03","Poland"
1959,"2020-11","Portugal"
50,"2020-12","Venezuela"
172,"2020-10","Venezuela"
4,"2020-05","Venezuela"
0,"2020-10","Vietnam"
3,"2020-09","Vietnam"
1,"2020-05","Western_Sahara"
0,"2020-04","Yemen"
8,"2020-12","Zambia"
138,"2020-08","Zambia"
3,"2020-04","Zambia"
0,"2020-05","Zimbabwe"
1,"2020-03","United_Republic_of_Tanzania"
37165,"2020-11","United_States_of_America"
23710,"2020-10","United_States_of_America"
2,"2020-11","United_States_Virgin_Islands"
2,"2020-05","United_States_Virgin_Islands"
5,"2020-06","Uruguay"
14,"2020-04","Uruguay"
45,"2020-11","Uzbekistan"
